{
    "storageInfo": "[{\"name\":\"sounds\\\/snd-4af6-3e52-031c-32b1.mp3\",\"originalHash\":\"fad96de8bd263cdcc2d753dc0f79a6d72ad618f5\",\"hash\":\"fad96de8bd263cdcc2d753dc0f79a6d72ad618f5\"},{\"name\":\"sounds\\\/snd-11a0-4a32-2c7b-5e55.mp3\",\"originalHash\":\"ac35bfc3bf64f3ae35503e03aa4b36be93c89f4e\",\"hash\":\"ac35bfc3bf64f3ae35503e03aa4b36be93c89f4e\"},{\"name\":\"images\\\/img-d608-4814-c401-75a1.jpg\",\"originalHash\":\"3208d322b15efc3758249cadcc3e203836e271ee\",\"hash\":\"3208d322b15efc3758249cadcc3e203836e271ee\"},{\"name\":\"images\\\/img-f418-8de1-0103-0ced.jpg\",\"originalHash\":\"512375720c181d06b597e6aaa67532d956ff5582\",\"hash\":\"512375720c181d06b597e6aaa67532d956ff5582\"},{\"name\":\"sounds\\\/snd-77a9-a9a1-ad70-cfba.mp3\",\"originalHash\":\"a0edc4d1225a4f4861aec5a41cfcd399fddcc84d\",\"hash\":\"a0edc4d1225a4f4861aec5a41cfcd399fddcc84d\"},{\"name\":\"sounds\\\/snd-3ebe-ee1e-712d-cc7a.mp3\",\"originalHash\":\"b0521b1c63970a31261a0cabc6f77b34d52d1d0e\",\"hash\":\"b0521b1c63970a31261a0cabc6f77b34d52d1d0e\"},{\"name\":\"sounds\\\/snd-f307-dfcd-7e8e-e439.mp3\",\"originalHash\":\"2e892c6e724787f991406eb86cfa8ddc873c730e\",\"hash\":\"2e892c6e724787f991406eb86cfa8ddc873c730e\"}]",
    "title": "\u0110i\u1EC1u L\u1EC7 \u0110\u1ED9i",
    "courseLessonTitle": "",
    "courseDescription": "",
    "courseAuthor": "",
    "courseTags": "",
    "courseGuid": "D8366CE5-33AE-47B0-BC60-A8A435CB27F6",
    "lastPublishingPath": "",
    "lmsPublishOptions": "{\"apiStandard\":\"AS_SCORM12\",\"reportStatuses\":\"RS_PASSED_FAILED\",\"useXAPIEndpoint\":\"T_FALSE\"}",
    "onlinePublishOptions": "{\"ispringCloud\":{},\"ispringLms\":{}}",
    "interaction": {
        "version": "2",
        "compatible": "2",
        "type": "iSpring.FAQ"
    }
}
