{"T":"glossary","C":{"is":[{"i":"wrchq9hw9f25","t":{"d":[{"tp":"paragraph","pf":{"t":"p"},"tf":{},"c":[{"t":"Ai","tf":{},"r":false,"l":true,"tp":"text"},{"t":" ","tf":{},"r":false,"l":false,"tp":"text"},{"t":"Yêu","tf":{},"r":false,"l":true,"tp":"text"},{"t":" ","tf":{},"r":false,"l":false,"tp":"text"},{"t":"Bác","tf":{},"r":false,"l":true,"tp":"text"},{"t":" ","tf":{},"r":false,"l":false,"tp":"text"},{"t":"Hồ","tf":{},"r":false,"l":true,"tp":"text"},{"t":" ","tf":{},"r":false,"l":false,"tp":"text"},{"t":"Chí","tf":{},"r":false,"l":true,"tp":"text"},{"t":" ","tf":{},"r":false,"l":false,"tp":"text"},{"t":"Minh","tf":{},"r":false,"l":true,"tp":"text"},{"t":" ","tf":{},"r":false,"l":false,"tp":"text"},{"t":"Hơn","tf":{},"r":false,"l":true,"tp":"text"},{"t":" ","tf":{},"r":false,"l":false,"tp":"text"},{"t":"Thiếu","tf":{},"r":false,"l":true,"tp":"text"},{"t":" ","tf":{},"r":false,"l":false,"tp":"text"},{"t":"Niên","tf":{},"r":false,"l":true,"tp":"text"},{"t":" ","tf":{},"r":false,"l":false,"tp":"text"},{"t":"Nhi","tf":{},"r":false,"l":true,"tp":"text"},{"t":" ","tf":{},"r":false,"l":false,"tp":"text"},{"t":"Đồng","tf":{},"r":false,"l":true,"tp":"text"}]}],"f":{"ctf":{},"cpf":{"t":"p"},"h":{"tf":{},"pf":{"t":"p"}},"s":{"tf":{},"pf":{"t":"p"}},"t":{"tf":{"f":"Segoe UI","s":24,"b":true,"i":false},"pf":{"t":"p","a":"left"}},"H":{}}},"c":{"d":[{"tp":"block","f":"align-center","c":[{"tp":"image","d":{"i":"1","w":648,"h":584,"at":{"sf":false,"iC":false,"rT":""}}}]},{"tp":"paragraph","pf":{"t":"p"},"tf":{},"c":[]}],"f":{"ctf":{},"cpf":{"t":"p"},"h":{"tf":{"f":"Segoe UI","s":24,"b":true,"i":false},"pf":{"t":"p","a":"left"}},"s":{"tf":{"f":"Segoe UI Semibold","s":21,"b":false,"i":false},"pf":{"t":"p","a":"left"}},"t":{"tf":{"f":"Open Sans","s":15,"b":false,"i":false},"pf":{"t":"p","a":"left"}},"H":{"u":true}}},"a":{"i":"2","p":true,"st":1,"T":""},"tp":"item"},{"i":"3tz7xxgir7m3","t":{"d":[{"tp":"paragraph","pf":{"t":"p"},"tf":{},"c":[{"t":"Bay","tf":{},"r":false,"l":true,"tp":"text"},{"t":" ","tf":{},"r":false,"l":false,"tp":"text"},{"t":"Cao","tf":{},"r":false,"l":true,"tp":"text"},{"t":" ","tf":{},"r":false,"l":false,"tp":"text"},{"t":"Tiếng","tf":{},"r":false,"l":true,"tp":"text"},{"t":" ","tf":{},"r":false,"l":false,"tp":"text"},{"t":"Hát","tf":{},"r":false,"l":true,"tp":"text"},{"t":" ","tf":{},"r":false,"l":false,"tp":"text"},{"t":"Ước","tf":{},"r":false,"l":true,"tp":"text"},{"t":" ","tf":{},"r":false,"l":false,"tp":"text"},{"t":"Mơ","tf":{},"r":false,"l":true,"tp":"text"},{"t":" ","tf":{},"r":false,"l":false,"tp":"text"}]}],"f":{"ctf":{},"cpf":{"t":"p"},"h":{"tf":{},"pf":{"t":"p"}},"s":{"tf":{},"pf":{"t":"p"}},"t":{"tf":{"f":"Segoe UI","s":24,"b":true,"i":false},"pf":{"t":"p","a":"left"}},"H":{}}},"c":{"d":[{"tp":"block","f":"align-center","c":[{"tp":"image","d":{"i":"3","w":648,"h":663,"at":{"sf":false,"iC":false,"rT":""}}}]},{"tp":"paragraph","pf":{"t":"p"},"tf":{},"c":[]}],"f":{"ctf":{},"cpf":{"t":"p"},"h":{"tf":{"f":"Segoe UI","s":24,"b":true,"i":false},"pf":{"t":"p","a":"left"}},"s":{"tf":{"f":"Segoe UI Semibold","s":21,"b":false,"i":false},"pf":{"t":"p","a":"left"}},"t":{"tf":{"f":"Open Sans","s":15,"b":false,"i":false},"pf":{"t":"p","a":"left"}},"H":{"u":true}}},"a":{"i":"4","p":true,"st":1,"T":""},"tp":"item"},{"i":"1hidc9q86t5p","t":{"d":[{"tp":"paragraph","pf":{"t":"p"},"tf":{},"c":[{"t":"Cùng","tf":{},"r":false,"l":true,"tp":"text"},{"t":" ","tf":{},"r":false,"l":false,"tp":"text"},{"t":"nhau","tf":{},"r":false,"l":true,"tp":"text"},{"t":" ","tf":{},"r":false,"l":false,"tp":"text"},{"t":"ta","tf":{},"r":false,"l":true,"tp":"text"},{"t":" ","tf":{},"r":false,"l":false,"tp":"text"},{"t":"đi","tf":{},"r":false,"l":true,"tp":"text"},{"t":" ","tf":{},"r":false,"l":false,"tp":"text"},{"t":"lên","tf":{},"r":false,"l":true,"tp":"text"}]}],"f":{"ctf":{},"cpf":{"t":"p"},"h":{"tf":{},"pf":{"t":"p"}},"s":{"tf":{},"pf":{"t":"p"}},"t":{"tf":{"f":"Segoe UI","s":24,"b":true,"i":false},"pf":{"t":"p","a":"left"}},"H":{}}},"c":{"d":[{"tp":"block","f":"align-center","c":[{"tp":"image","d":{"i":"5","w":637,"h":863,"at":{"sf":false,"iC":false,"rT":""}}}]},{"tp":"paragraph","pf":{"t":"p"},"tf":{},"c":[]}],"f":{"ctf":{},"cpf":{"t":"p"},"h":{"tf":{"f":"Segoe UI","s":24,"b":true,"i":false},"pf":{"t":"p","a":"left"}},"s":{"tf":{"f":"Segoe UI Semibold","s":21,"b":false,"i":false},"pf":{"t":"p","a":"left"}},"t":{"tf":{"f":"Open Sans","s":15,"b":false,"i":false},"pf":{"t":"p","a":"left"}},"H":{"u":true}}},"a":{"i":"6","p":true,"st":1,"T":""},"tp":"item"},{"i":"7tsdrv9k3er0","t":{"d":[{"tp":"paragraph","pf":{"t":"p"},"tf":{},"c":[{"t":"Em","tf":{},"r":false,"l":true,"tp":"text"},{"t":" ","tf":{},"r":false,"l":false,"tp":"text"},{"t":"Là","tf":{},"r":false,"l":true,"tp":"text"},{"t":" ","tf":{},"r":false,"l":false,"tp":"text"},{"t":"Mầm","tf":{},"r":false,"l":true,"tp":"text"},{"t":" ","tf":{},"r":false,"l":false,"tp":"text"},{"t":"Non","tf":{},"r":false,"l":true,"tp":"text"},{"t":" ","tf":{},"r":false,"l":false,"tp":"text"},{"t":"Của","tf":{},"r":false,"l":true,"tp":"text"},{"t":" ","tf":{},"r":false,"l":false,"tp":"text"},{"t":"Đảng","tf":{},"r":false,"l":true,"tp":"text"}]}],"f":{"ctf":{},"cpf":{"t":"p"},"h":{"tf":{},"pf":{"t":"p"}},"s":{"tf":{},"pf":{"t":"p"}},"t":{"tf":{"f":"Segoe UI","s":24,"b":true,"i":false},"pf":{"t":"p","a":"left"}},"H":{}}},"c":{"d":[{"tp":"block","f":"align-center","c":[{"tp":"image","d":{"i":"7","w":648,"h":562,"at":{"sf":false,"iC":false,"rT":""}}}]},{"tp":"paragraph","pf":{"t":"p"},"tf":{},"c":[]}],"f":{"ctf":{},"cpf":{"t":"p"},"h":{"tf":{"f":"Segoe UI","s":24,"b":true,"i":false},"pf":{"t":"p","a":"left"}},"s":{"tf":{"f":"Segoe UI Semibold","s":21,"b":false,"i":false},"pf":{"t":"p","a":"left"}},"t":{"tf":{"f":"Open Sans","s":15,"b":false,"i":false},"pf":{"t":"p","a":"left"}},"H":{"u":true}}},"a":{"i":"8","p":true,"st":1,"T":""},"tp":"item"},{"i":"4zbdb8rdmglk","t":{"d":[{"tp":"paragraph","pf":{"t":"p"},"tf":{},"c":[{"t":"Hoa","tf":{},"r":false,"l":true,"tp":"text"},{"t":" ","tf":{},"r":false,"l":false,"tp":"text"},{"t":"thơm","tf":{},"r":false,"l":true,"tp":"text"},{"t":" ","tf":{},"r":false,"l":false,"tp":"text"},{"t":"dâng","tf":{},"r":false,"l":true,"tp":"text"},{"t":" ","tf":{},"r":false,"l":false,"tp":"text"},{"t":"Bác","tf":{},"r":false,"l":true,"tp":"text"}]}],"f":{"ctf":{},"cpf":{"t":"p"},"h":{"tf":{},"pf":{"t":"p"}},"s":{"tf":{},"pf":{"t":"p"}},"t":{"tf":{"f":"Segoe UI","s":24,"b":true,"i":false},"pf":{"t":"p","a":"left"}},"H":{}}},"c":{"d":[{"tp":"block","f":"align-center","c":[{"tp":"image","d":{"i":"9","w":647,"h":644,"at":{"sf":false,"iC":false,"rT":""}}}]},{"tp":"paragraph","pf":{"t":"p"},"tf":{},"c":[]}],"f":{"ctf":{},"cpf":{"t":"p"},"h":{"tf":{"f":"Segoe UI","s":24,"b":true,"i":false},"pf":{"t":"p","a":"left"}},"s":{"tf":{"f":"Segoe UI Semibold","s":21,"b":false,"i":false},"pf":{"t":"p","a":"left"}},"t":{"tf":{"f":"Open Sans","s":15,"b":false,"i":false},"pf":{"t":"p","a":"left"}},"H":{"u":true}}},"a":{"i":"10","p":true,"st":1,"T":""},"tp":"item"},{"i":"s2snb0l7li2y","t":{"d":[{"tp":"paragraph","pf":{"t":"p"},"tf":{},"c":[{"t":"Hành","tf":{},"r":false,"l":true,"tp":"text"},{"t":" ","tf":{},"r":false,"l":false,"tp":"text"},{"t":"khúc","tf":{},"r":false,"l":true,"tp":"text"},{"t":" ","tf":{},"r":false,"l":false,"tp":"text"},{"t":"Đội","tf":{},"r":false,"l":true,"tp":"text"},{"t":" ","tf":{},"r":false,"l":false,"tp":"text"},{"t":"TNTP","tf":{},"r":false,"l":true,"tp":"text"}]}],"f":{"ctf":{},"cpf":{"t":"p"},"h":{"tf":{},"pf":{"t":"p"}},"s":{"tf":{},"pf":{"t":"p"}},"t":{"tf":{"f":"Segoe UI","s":24,"b":true,"i":false},"pf":{"t":"p","a":"left"}},"H":{}}},"c":{"d":[{"tp":"block","f":"align-center","c":[{"tp":"image","d":{"i":"11","w":623,"h":622,"at":{"sf":false,"iC":false,"rT":""}}}]},{"tp":"paragraph","pf":{"t":"p"},"tf":{},"c":[]}],"f":{"ctf":{},"cpf":{"t":"p"},"h":{"tf":{"f":"Segoe UI","s":24,"b":true,"i":false},"pf":{"t":"p","a":"left"}},"s":{"tf":{"f":"Segoe UI Semibold","s":21,"b":false,"i":false},"pf":{"t":"p","a":"left"}},"t":{"tf":{"f":"Open Sans","s":15,"b":false,"i":false},"pf":{"t":"p","a":"left"}},"H":{"u":true}}},"a":{"i":"12","p":true,"st":1,"T":""},"tp":"item"},{"i":"xbo5ol3t4o9f","t":{"d":[{"tp":"paragraph","pf":{"t":"p"},"tf":{},"c":[{"t":"Khăn","tf":{},"r":false,"l":true,"tp":"text"},{"t":" ","tf":{},"r":false,"l":false,"tp":"text"},{"t":"Quàng","tf":{},"r":false,"l":true,"tp":"text"},{"t":" ","tf":{},"r":false,"l":false,"tp":"text"},{"t":"thắm","tf":{},"r":false,"l":true,"tp":"text"},{"t":" ","tf":{},"r":false,"l":false,"tp":"text"},{"t":"mãi","tf":{},"r":false,"l":true,"tp":"text"},{"t":" ","tf":{},"r":false,"l":false,"tp":"text"},{"t":"vai","tf":{},"r":false,"l":true,"tp":"text"},{"t":" ","tf":{},"r":false,"l":false,"tp":"text"},{"t":"em","tf":{},"r":false,"l":true,"tp":"text"}]}],"f":{"ctf":{},"cpf":{"t":"p"},"h":{"tf":{},"pf":{"t":"p"}},"s":{"tf":{},"pf":{"t":"p"}},"t":{"tf":{"f":"Segoe UI","s":24,"b":true,"i":false},"pf":{"t":"p","a":"left"}},"H":{}}},"c":{"d":[{"tp":"block","f":"align-center","c":[{"tp":"image","d":{"i":"13","w":648,"h":927,"at":{"sf":false,"iC":false,"rT":""}}}]},{"tp":"paragraph","pf":{"t":"p"},"tf":{},"c":[]}],"f":{"ctf":{},"cpf":{"t":"p"},"h":{"tf":{"f":"Segoe UI","s":24,"b":true,"i":false},"pf":{"t":"p","a":"left"}},"s":{"tf":{"f":"Segoe UI Semibold","s":21,"b":false,"i":false},"pf":{"t":"p","a":"left"}},"t":{"tf":{"f":"Open Sans","s":15,"b":false,"i":false},"pf":{"t":"p","a":"left"}},"H":{"u":true}}},"a":{"i":"14","p":true,"st":1,"T":""},"tp":"item"},{"i":"jr9lxuoelu6q","t":{"d":[{"tp":"paragraph","pf":{"t":"p"},"tf":{},"c":[{"t":"Khăn","tf":{},"r":false,"l":true,"tp":"text"},{"t":" ","tf":{},"r":false,"l":false,"tp":"text"},{"t":"quàng","tf":{},"r":false,"l":true,"tp":"text"},{"t":" ","tf":{},"r":false,"l":false,"tp":"text"},{"t":"thắp","tf":{},"r":false,"l":true,"tp":"text"},{"t":" ","tf":{},"r":false,"l":false,"tp":"text"},{"t":"sáng","tf":{},"r":false,"l":true,"tp":"text"},{"t":" ","tf":{},"r":false,"l":false,"tp":"text"},{"t":"bình","tf":{},"r":false,"l":true,"tp":"text"},{"t":" ","tf":{},"r":false,"l":false,"tp":"text"},{"t":"minh","tf":{},"r":false,"l":true,"tp":"text"}]}],"f":{"ctf":{},"cpf":{"t":"p"},"h":{"tf":{},"pf":{"t":"p"}},"s":{"tf":{},"pf":{"t":"p"}},"t":{"tf":{"f":"Segoe UI","s":24,"b":true,"i":false},"pf":{"t":"p","a":"left"}},"H":{}}},"c":{"d":[{"tp":"block","f":"align-center","c":[{"tp":"image","d":{"i":"15","w":648,"h":741,"at":{"sf":false,"iC":false,"rT":""}}}]},{"tp":"paragraph","pf":{"t":"p"},"tf":{},"c":[]}],"f":{"ctf":{},"cpf":{"t":"p"},"h":{"tf":{"f":"Segoe UI","s":24,"b":true,"i":false},"pf":{"t":"p","a":"left"}},"s":{"tf":{"f":"Segoe UI Semibold","s":21,"b":false,"i":false},"pf":{"t":"p","a":"left"}},"t":{"tf":{"f":"Open Sans","s":15,"b":false,"i":false},"pf":{"t":"p","a":"left"}},"H":{"u":true}}},"a":{"i":"16","p":true,"st":1,"T":""},"tp":"item"}],"i":{"i":"gouhrj9nohfn","t":{"d":[{"tp":"paragraph","pf":{"t":"p"},"tf":{},"c":[{"t":"Giới thiệu","tf":{},"r":false,"l":true,"tp":"text"}]}],"f":{"ctf":{},"cpf":{"t":"p"},"h":{"tf":{},"pf":{"t":"p"}},"s":{"tf":{},"pf":{"t":"p"}},"t":{"tf":{"f":"Segoe UI","s":24,"b":true,"i":false},"pf":{"t":"p","a":"left"}},"H":{}}},"c":{"d":[{"tp":"paragraph","pf":{"t":"p"},"tf":{},"c":[]}],"f":{"ctf":{},"cpf":{"t":"p"},"h":{"tf":{"f":"Segoe UI","s":24,"b":true,"i":false},"pf":{"t":"p","a":"left"}},"s":{"tf":{"f":"Segoe UI Semibold","s":21,"b":false,"i":false},"pf":{"t":"p","a":"left"}},"t":{"tf":{"f":"Open Sans","s":15,"b":false,"i":false},"pf":{"t":"p","a":"left"}},"H":{"u":true}}},"v":false},"s":{"i":"ul8u35rxj6w9","t":{"d":[{"tp":"paragraph","pf":{"t":"p"},"tf":{},"c":[{"t":"Tóm lược","tf":{},"r":false,"l":true,"tp":"text"}]}],"f":{"ctf":{},"cpf":{"t":"p"},"h":{"tf":{},"pf":{"t":"p"}},"s":{"tf":{},"pf":{"t":"p"}},"t":{"tf":{"f":"Segoe UI","s":24,"b":true,"i":false},"pf":{"t":"p","a":"left"}},"H":{}}},"c":{"d":[{"tp":"paragraph","pf":{"t":"p"},"tf":{},"c":[]}],"f":{"ctf":{},"cpf":{"t":"p"},"h":{"tf":{"f":"Segoe UI","s":24,"b":true,"i":false},"pf":{"t":"p","a":"left"}},"s":{"tf":{"f":"Segoe UI Semibold","s":21,"b":false,"i":false},"pf":{"t":"p","a":"left"}},"t":{"tf":{"f":"Open Sans","s":15,"b":false,"i":false},"pf":{"t":"p","a":"left"}},"H":{"u":true}}},"v":false}},"s":{"t":"Ca khúc truyền thống Đội","te":true,"nbe":true,"ftw":false,"iw":960,"ih":540,"csc":1,"lar":true,"dat":3,"tlw":0.3,"s":true,"ge":false,"san":true,"agt":1,"nat":1,"ca":"ABCDEFGHIJKLMNOPQRSTUVWXYZ"},"a":{"image":{"1":{"src":"storage://images/img-2d8e-6eac-81f9-8a89.jpg"},"3":{"src":"storage://images/img-3ada-5656-531f-a931.jpg"},"5":{"src":"storage://images/img-ff59-15f2-64f3-ef7d.jpg"},"7":{"src":"storage://images/img-20a5-b624-512c-5e3d.jpg"},"9":{"src":"storage://images/img-3421-0ebc-8e6e-42dc.jpg"},"11":{"src":"storage://images/img-1c40-f85c-722c-473f.jpg"},"13":{"src":"storage://images/img-8e03-12af-bd31-d054.jpg"},"15":{"src":"storage://images/img-f42b-31c8-808d-edde.jpg"}},"audio":{"2":{"src":"storage://sounds/snd-40e0-4eaf-adb5-b0f2.mp3"},"4":{"src":"storage://sounds/snd-6319-c909-d166-a2da.mp3"},"6":{"src":"storage://sounds/snd-68eb-388a-dc4b-7fd2.mp3"},"8":{"src":"storage://sounds/snd-1970-a2ea-f734-108f.mp3"},"10":{"src":"storage://sounds/snd-44ac-2735-ac18-e8ea.mp3"},"12":{"src":"storage://sounds/snd-1cce-1a0b-7865-8202.mp3"},"14":{"src":"storage://sounds/snd-302c-1505-cdba-3b43.mp3"},"16":{"src":"storage://sounds/snd-306c-b197-0a16-53a3.mp3"}},"video":{}},"cs":{"i":"sm9g8mhq8pvy","n":"Cài đặt trước tùy chỉnh","s":{"i":{"bg":16250871,"b":16200756,"titc":16777215,"titb":5723991,"ci":false,"tb":16777215,"ttc":4737096,"ttb":11316396,"gab":5409759,"gtc":16777215,"hlb":16772295,"hlt":4737096,"slb":16768150,"slt":4737096},"t":{"ti":4737096,"h":4737096,"s":4737096,"t":4737096,"H":5409759},"d":{"bg":16777215,"b":14737632},"ap":{"pb":15987699,"c":4737096,"plb":7368816},"p":{"pb":6334422,"plb":16047066,"bb":5409759,"hbb":4947401,"btc":16777215,"hbtc":16777215},"sf":{"stf":4737096,"sif":10066329,"sbg":16777215,"sbr":13028820,"asbg":16777215,"asbr":10133670}}},"ptl":{"i":"2dfeoc75lm25","n":"Cài đặt trước tùy chỉnh","l":{"emptySearchResult":"Kết quả không có","nextButton":"Tiếp tục","prevButton":"Trở lại","search":"Tìm bài hát"}}}