{
    "storageInfo": "[{\"name\":\"images\\\/img-3ada-5656-531f-a931.jpg\",\"originalHash\":\"e5cc8e53cb49a66243cb3c239de2a17cd1bdbc29\",\"hash\":\"e5cc8e53cb49a66243cb3c239de2a17cd1bdbc29\"},{\"name\":\"images\\\/img-2d8e-6eac-81f9-8a89.jpg\",\"originalHash\":\"7242ea7c5e5f91a215009e2c5e2af2b366d618c2\",\"hash\":\"7242ea7c5e5f91a215009e2c5e2af2b366d618c2\"},{\"name\":\"sounds\\\/snd-1970-a2ea-f734-108f.mp3\",\"originalHash\":\"a03d4defc306891c1dfa66764db2cfd45003012e\",\"hash\":\"a03d4defc306891c1dfa66764db2cfd45003012e\"},{\"name\":\"images\\\/img-1c40-f85c-722c-473f.jpg\",\"originalHash\":\"b1ee5b59fe2d988cd8fe97f45a7f3ebd651c39b9\",\"hash\":\"b1ee5b59fe2d988cd8fe97f45a7f3ebd651c39b9\"},{\"name\":\"images\\\/img-20a5-b624-512c-5e3d.jpg\",\"originalHash\":\"a9f25f27981f88b043ce495066940db83d971cfa\",\"hash\":\"a9f25f27981f88b043ce495066940db83d971cfa\"},{\"name\":\"images\\\/img-ff59-15f2-64f3-ef7d.jpg\",\"originalHash\":\"3b382498c99231e5d456d1bace394a228578994b\",\"hash\":\"3b382498c99231e5d456d1bace394a228578994b\"},{\"name\":\"images\\\/img-8e03-12af-bd31-d054.jpg\",\"originalHash\":\"212f0124904625012bb30c9748e5c5f8233bbafc\",\"hash\":\"212f0124904625012bb30c9748e5c5f8233bbafc\"},{\"name\":\"images\\\/img-f42b-31c8-808d-edde.jpg\",\"originalHash\":\"90ce9b66238cf94d485490f68ad402955baea8b8\",\"hash\":\"90ce9b66238cf94d485490f68ad402955baea8b8\"},{\"name\":\"images\\\/img-3421-0ebc-8e6e-42dc.jpg\",\"originalHash\":\"2a93fd2e96252395b47206eefed127daccb3b8fa\",\"hash\":\"2a93fd2e96252395b47206eefed127daccb3b8fa\"},{\"name\":\"sounds\\\/snd-1cce-1a0b-7865-8202.mp3\",\"originalHash\":\"3e2dd1fc7cfc1a1f4759f1c98183c9df4c23dc6d\",\"hash\":\"3e2dd1fc7cfc1a1f4759f1c98183c9df4c23dc6d\"},{\"name\":\"sounds\\\/snd-302c-1505-cdba-3b43.mp3\",\"originalHash\":\"967b9513c34c66dba1d6a3334021d040517428fb\",\"hash\":\"967b9513c34c66dba1d6a3334021d040517428fb\"},{\"name\":\"sounds\\\/snd-306c-b197-0a16-53a3.mp3\",\"originalHash\":\"15696e79b5c01ec42e56866de69b848615183cf4\",\"hash\":\"15696e79b5c01ec42e56866de69b848615183cf4\"},{\"name\":\"sounds\\\/snd-40e0-4eaf-adb5-b0f2.mp3\",\"originalHash\":\"6650ccc38482fa8da709677085bc76d52624f1cc\",\"hash\":\"6650ccc38482fa8da709677085bc76d52624f1cc\"},{\"name\":\"sounds\\\/snd-6319-c909-d166-a2da.mp3\",\"originalHash\":\"0c1e2fc404905da79f463ae3bc7852f2415437e3\",\"hash\":\"0c1e2fc404905da79f463ae3bc7852f2415437e3\"},{\"name\":\"sounds\\\/snd-68eb-388a-dc4b-7fd2.mp3\",\"originalHash\":\"a0edc4d1225a4f4861aec5a41cfcd399fddcc84d\",\"hash\":\"a0edc4d1225a4f4861aec5a41cfcd399fddcc84d\"},{\"name\":\"sounds\\\/snd-44ac-2735-ac18-e8ea.mp3\",\"originalHash\":\"51185cfcaac9edb7a23ddd9a559c1f3c0a73ffaf\",\"hash\":\"51185cfcaac9edb7a23ddd9a559c1f3c0a73ffaf\"}]",
    "title": "Ca kh�c truy\u1EC1n th\u1ED1ng \u0110\u1ED9i",
    "courseLessonTitle": "",
    "courseDescription": "",
    "courseAuthor": "",
    "courseTags": "",
    "courseGuid": "D732DE54-5AA6-49A8-96A8-DEC120943088",
    "lastPublishingPath": "",
    "lmsPublishOptions": "{\"apiStandard\":\"AS_SCORM12\",\"reportStatuses\":\"RS_PASSED_FAILED\",\"useXAPIEndpoint\":\"T_FALSE\"}",
    "onlinePublishOptions": "{\"ispringCloud\":{},\"ispringLms\":{}}",
    "interaction": {
        "version": "2",
        "compatible": "2",
        "type": "iSpring.Glossary"
    }
}
